<?xml version="1.0" encoding="UTF-8"?>

<mule xmlns:validation="http://www.mulesoft.org/schema/mule/validation" xmlns:ee="http://www.mulesoft.org/schema/mule/ee/core"
	xmlns:http="http://www.mulesoft.org/schema/mule/http"
	xmlns="http://www.mulesoft.org/schema/mule/core" xmlns:doc="http://www.mulesoft.org/schema/mule/documentation" xmlns:xsi="http://www.w3.org/2001/XMLSchema-instance" xsi:schemaLocation="http://www.mulesoft.org/schema/mule/core http://www.mulesoft.org/schema/mule/core/current/mule.xsd
http://www.mulesoft.org/schema/mule/http http://www.mulesoft.org/schema/mule/http/current/mule-http.xsd
http://www.mulesoft.org/schema/mule/ee/core http://www.mulesoft.org/schema/mule/ee/core/current/mule-ee.xsd
http://www.mulesoft.org/schema/mule/validation http://www.mulesoft.org/schema/mule/validation/current/mule-validation.xsd">
	<http:listener-config name="HTTP_Listener_config" doc:name="HTTP Listener config" doc:id="54b50d85-65b3-45ea-8bac-82828c2e8d23" >
		<http:listener-connection host="0.0.0.0" port="8081" />
	</http:listener-config>
	<validation:config name="Validation_Config" doc:name="Validation Config" doc:id="5f2cabe7-0f47-47cb-960e-814a448e0697" />
	<flow name="assignmentFlow" doc:id="50834222-905a-4b21-9125-f2175ee314f5" >
		<http:listener doc:name="Listener" doc:id="b80da9ec-5e96-40cd-9766-94c197cdab06" config-ref="HTTP_Listener_config" path="/aasign" allowedMethods="POST"/>
		<validation:is-email doc:name="Is email" doc:id="1170014d-c71c-4ec2-bbc5-304477cd24a4" email="#[payload.email]" message="not a valid email"/>
	</flow>
	<flow name="assignmentFlow1" doc:id="b192a166-6ca6-47e8-acb4-271db146e247" >
		<http:listener doc:name="Listener" doc:id="0ed4d7b3-b8e1-4a06-8092-60f85f82dd3c" config-ref="HTTP_Listener_config" path="/assign1"/>
		<validation:is-ip doc:name="Is IP" doc:id="8a176111-8590-414b-a0c2-dde8e4ba9330" ip="#[payload.IPAddress]" message="this is not a valid IP address" />
	</flow>
</mule>
